RANK,NAME_OF_CHANNEL,TOTAL_NUMBER_OF_VIDEOS,SUBSCRIBERS,VIEWS,CATEGORY,Predicted Subscribers
#1,MrBeast,799.0,274000000.0,50980000000.0, Entertainment          ,64107074.889864676
#2,T-Series,21120.0,267000000.0,257160000000.00003, Music                  ,248618824.76768148
#3,Cocomelon - Nursery Rhymes,1180.0,176000000.0,182880000000.0, Kids                   ,180534350.00914082
#4,SET India,138970.0,173000000.0,164710000000.0, Entertainment          ,160043815.3676341
#5,✿ Kids Diana Show,1220.0,123000000.0,103500000000.0, Kids                   ,109665648.73003265
#6,Vlad and Niki,721.0,119000000.0,90940000000.0, Kids                   ,98472827.7739002
#7,Like Nastya,885.0,116000000.0,100900000000.0, Kids                   ,107358048.5635845
#8,PewDiePie,4770.0,111000000.0,29310000000.0, Entertainment          ,44600178.74936105
#9,Zee Music Company,11220.0,107000000.0,66840000000.0, Music                  ,79110234.7825326
#10,WWE,76610.0,102000000.0,84980000000.0, Sports/Entertainment   ,89531784.31973168
#11,Goldmines,8550.0,97200000.0,29040000000.0, Movies                 ,46880166.13004263
#12,BLACKPINK,596.0,93900000.0,36020000000.0, Music                  ,52025772.761473045
#13,Sony SAB,85720.0,92500000.0,115240000000.0, Entertainment          ,118035975.88412267
#14,ChuChu TV Nursery Rhymes & Kids Songs,792.0,91300000.0,51030000000.0, Kids                   ,62840004.776997
#15,Zee TV,175680.0,80700000.0,89410000000.0, Entertainment          ,91332261.68466362
#16,5-Minute Crafts,7050.0,80700000.0,27390000000.0, DIY/Education          ,40935384.39563368
#17,BANGTANTV,2510.0,78100000.0,22970000000.0, Music                  ,40297763.16358271
#18,Baby Shark - Pinkfong Kids’ Songs & Stories,3240.0,75300000.0,43810000000.0, Kids                ,51347961.50251047
#19,HYBE LABELS,1850.0,74900000.0,34259999999.999996, Music                  ,50403727.037698016
#20,Colors TV,151750.0,73000000.0,70940000000.0, Entertainment          ,75812307.13786623
#21,Justin Bieber,249.0,73000000.0,32310000000.000004, Music                  ,48727697.954244316
#22,Shemaroo Filmi Gaane,8580.0,68500000.0,29300000000.0, Music                  ,45703054.66965236
#23,T-Series Bhakti Sagar,28010.0,67800000.0,34040000000.0, Music                  ,49147720.90042407
#24,Canal KondZilla,2810.0,67099999.99999999,38290000000.0, Music                  ,53962654.9071101
#25,Tips Official,5820.0,66200000.0,38830000000.0, Music                  ,54322825.14286474
#26,Aaj Tak,365350.0,65200000.0,31730000000.0, News                   ,31304770.280394826
#27,El Reino Infantil,1480.0,64400000.00000001,60420000000.0, Kids                   ,71195129.46421516
#28,Stokes Twins,304.0,63300000.0,9280000000.0, Entertainment          ,26899141.76242047
#29,Infobells - Hindi,674.0,62300000.0,36120000000.0, Kids                   ,49533771.72920065
#30,Wave Music,20150.0,62000000.0,42760000000.0, Music                  ,57250931.19259848
#31,Movieclips,40610.0,61400000.0,62200000000.0, Movies                 ,75185424.49716654
#32,Sony Music India,4690.0,60500000.0,31930000000.0, Music                  ,48208569.35967088
#33,EminemMusic,165.0,60300000.0,29730000000.0, Music                  ,46427786.288761966
#34,Dude Perfect,437.0,60200000.0,17420000000.0, Sports/Entertainment   ,32302449.994608335
#35,YRF,4100.0,60100000.0,41110000000.0, Music                  ,56427979.83495946
#36,Taylor Swift,268.0,59200000.0,35440000000.0, Music                  ,51521258.97756592
#37,Marshmello,484.0,57100000.0,15740000000.0, Music                  ,33925189.53726711
#38,LooLoo Kids - Nursery Rhymes and Children's Songs,842.0,56900000.0,34450000000.0, Kids          ,56525290.92031575
#39,ZAMZAM ELECTRONICS TRADING,17660.0,56800000.0,26050000000.0, Entertainment          ,41167685.790953726
#40,BillionSurpriseToys  - Nursery Rhymes & Cartoons,1050.0,56800000.0,11600000000.0, Kids            ,27081772.72255522
#41,Toys and Colors,1240.0,56700000.0,65660000000.0, Kids                   ,75882899.24981692
#42,A4,915.0,54800000.0,28700000000.0, Entertainment          ,44211741.8571801
#43,Ed Sheeran,474.0,54700000.0,32439999999.999996, Music                  ,48834642.88616895
#44,HAR PAL GEO,133640.0,54500000.0,53630000000.0, Entertainment          ,61092214.56695953
#45,Ariana Grande,190.0,54200000.0,26210000000.0, Music                  ,43284267.68488855
#46,ARY Digital HD,139170.0,53800000.0,51020000000.0, Entertainment          ,58538127.53220935
#47,Shemaroo,12250.0,53500000.0,24550000000.0, Movies                 ,42721818.57487347
#48,Mark Rober,156.0,53400000.0,6320000000.0, Education              ,25126244.65808772
#49,PANDA BOI,1100.0,52000000.0,24220000000.0, Entertainment          ,40204695.434251726
#50,Billie Eilish,122.0,51700000.0,15720000000.0, Music                  ,33921997.04340888
#51,Fede Vigevani,1330.0,51100000.0,14160000000.0, Entertainment          ,31214240.106221355
#52,,3500.0,51000000.0,32930000000.0, Music                  ,49149527.17965569
#53,SonyMusicIndiaVEVO,3750.0,50500000.0,30910000000.0, Gaming/Entertainment   ,45327023.13147637
#54,JuegaGerman,2170.0,50200000.0,15440000000.0, Gaming/Entertainment   ,31580063.628162038
#55,Mikecrack,2040.0,50100000.0,18530000000.0, Entertainment          ,35086831.628132515
#56,KL BRO Biju Rithvik,2530.0,49500000.0,39210000000.0, Entertainment          ,53529207.07880202
#57,YOLO AVENTURAS,2370.0,49500000.0,16180000000.0, Gaming/Entertainment   ,32232603.178190038
#58,Jess No Limit,2920.0,49400000.0,6460000000.0, Education          ,22417256.228581242
#59,आचार्य प्रशान्त - Acharya Prashant,10260.0,48500000.0,2650000000.0, Entertainment          ,20576896.82595376
#60,,1730.0,48400000.0,40380000000.0, Music                  ,55872262.772490375
#61,ABS-CBN Entertainment,225080.0,48100000.0,54860000000.0, Entertainment          ,58486568.4015774
#62,Bad Bunny,155.0,47900000.0,35010000000.0, Kids                   ,48563832.90466818
#63,BETER BÖCÜK,4740.0,47600000.0,28400000000.0, Gaming/Entertainment   ,43046102.57622543
#64,Voot Kids,5830.0,47600000.0,22800000000.0, Entertainment          ,38745393.340608
#65,Fernanfloo,546.0,47500000.0,10600000000.0, Entertainment          ,28067779.40295709
#66,Badabun,21790.0,47400000.0,19750000000.0, Music                  ,36642156.30756289
#67,Felipe Neto,4890.0,46300000.0,17670000000.0, Entertainment          ,34203622.258056425
#68,Shakira,358.0,46200000.0,30350000000.0, Music                  ,46973478.484758586
#69,Ricis Official,4320.0,45800000.0,7710000000.0, Education              ,26198516.397663206
#70,Alan Walker,579.0,45500000.0,14120000000.0, Music                  ,32475074.642105788
#71,Você Sabia?,1690.0,45500000.0,8109999999.999999, Music                  ,27064602.192070432
#72,Ishtar Music,4610.0,45200000.0,19290000000.0, Entertainment          ,35661230.498397045
#73,Katy Perry,142.0,45000000.0,26800000000.0, Entertainment          ,42546812.860149324
#74,Kimberly Loaiza,316.0,45000000.0,6570000000.0, Education              ,25342953.27297838
#75,whinderssonnunes,779.0,44700000.0,4510000000.0, Entertainment          ,22621449.37342287
#76,BRIGHT SIDE,7950.0,44600000.0,11150000000.0, Kids                   ,26946908.62437696
#77,Alan Chikin Chow,1230.0,44500000.0,39100000000.0, Music                  ,54749785.605973266
#78,shfa2 - شفا,1760.0,44400000.0,27620000000.0, Kids                   ,41901346.00864762
#79,Speed Records,11490.0,44100000.0,28890000000.0, Gaming/Entertainment   ,43210147.85648148
#80,LUCCAS NETO - LUCCAS TOON,2730.0,44000000.0,25300000000.0, Gaming/Entertainment   ,40359968.87036318
#81,MrBeast Gaming,141.0,43800000.0,7860000000.0, News                   ,24787284.508734368
#82,HolaSoyGerman.,136.0,43800000.0,4890000000.0, Entertainment          ,22986741.616693903
#83,ABP NEWS,379590.0,43600000.0,17050000000.0, Music                  ,19739176.74987936
#84,StarPlus,90190.0,43300000.0,43070000000.0, Kids                   ,52112628.586880624
#85,Rihanna,85.0,43200000.0,24340000000.0, Kids                   ,39040946.943308875
#86,Like Nastya Show,709.0,43200000.0,20450000000.0, Entertainment          ,36854837.38503305
#87,shfa,1120.0,43000000.0,25020000000.0, Travel/Entertainment   ,39059741.4883364
#88,Sony PAL,28320.0,42900000.0,32750000000.0, Entertainment          ,46717381.55930757
#89,Luisito Comunica,1360.0,42700000.0,9740000000.0, Kids                   ,25955045.820402995
#90,MrBeast 2,118.0,42600000.0,7340000000.0, Music                  ,26440852.188572004
#91,Maria Clara & JP,821.0,42300000.0,27610000000.0, Gaming/Entertainment   ,42499561.647414126
#92,Goldmines Gaane Sune Ansune,3790.0,42100000.0,18940000000.0, Animation              ,31929796.35076548
#93,CarryMinati,197.0,42100000.0,3760000000.0, Kids                   ,20663463.48072289
#94,DaFuq!?Boom!,294.0,42000000.0,16600000000.000002, Gaming                 ,31842160.53675318
#95,Super Simple Songs - Kids Songs,791.0,41900000.0,50790000000.0, News                   ,63087031.00966953
#96,Total Gaming,501.0,41800000.0,4210000000.0, Music                  ,23631008.328698643
#97,IndiaTV,304440.0,41500000.0,20100000000.0, Kids             ,24011335.327827938
#98,Saregama Music,8720.0,41100000.0,19560000000.0, Entertainment          ,35735801.21523625
#99,Little Baby Bum - Nursery Rhymes & Kids Songs,2650.0,41000000.0,40510000000.0, Gaming/Entertainment   ,53942049.03775765
#100,Dushyant kukreja,1190.0,41000000.0,24950000000.0, Entertainment          ,40852762.912984505
#101,TheDonato,3510.0,41000000.0,7540000000.0, Education              ,26079556.342995495
#102,WorkpointOfficial,83900.0,40900000.0,38440000000.0, Kids           ,47687577.39044672
#103,TEDx Talks,216910.0,40900000.0,7880000000.0, Music                  ,18141874.75341282
#104,Genevieve's Playhouse - Learning Videos for Kids,642.0,40800000.0,30660000000.0, Kids                   ,44660612.561887115
#105,GR6 EXPLODE,3360.0,40800000.0,28120000000.0, Entertainment          ,43594908.90472071
#106,PowerKids TV,8080.0,40700000.0,21550000000.0, Music                  ,38804437.23236816
#107,김프로KIMPRO,3160.0,40600000.0,39280000000.0, Platform               ,40599999.98703378
#108,T-Series Bollywood Classics,2060.0,40600000.0,26490000000.0, Gaming                 ,40599999.99080185
#109,YouTube,723.0,40600000.0,3030000000.0, Entertainment          ,21302436.701790243
#110,Techno Gamerz,1040.0,40500000.0,11760000000.0, Music                  ,30349494.611124683
#111,Real fools shorts official,549.0,40400000.0,17340000000.0, Entertainment          ,34084842.653543636
#112,XXXTENTACION,135.0,40400000.0,11070000000.0, Gaming/Entertainment   ,27761140.659562014
#113,ช่อง one31,143730.0,40300000.0,28290000000.0, Entertainment          ,38061051.374405906
#114,elrubiusOMG,702.0,40300000.0,7450000000.0, Entertainment          ,25249274.932473034
#115,Shorts Break,615.0,40100000.0,27610000000.0, Movies                 ,45924926.82308201
#116,Alejo Igoa,1070.0,40000000.0,16820000000.0, Kids                   ,32287514.41993568
#117,Ultra Bollywood,9360.0,39900000.0,15960000000.0, Education              ,33359621.78550384
#118,La Granja de Zenón,737.0,39800000.0,31120000000.0, Gaming/Entertainment   ,45636542.44699694
#119,MR. INDIAN HACKER,1030.0,39800000.0,7000000000.0, Entertainment          ,24834248.611451235
#120,AboFlah,705.0,39400000.0,5830000000.0, Kids                   ,22490894.943598345
#121,HUM TV,142190.0,39200000.0,33119999999.999996, Music                  ,43701572.47215107
#122,Jingle Toons,252.0,39200000.0,13000000000.0, Music                  ,31488431.366580017
#123,Daddy Yankee,558.0,39000000.0,24370000000.0, Entertainment          ,40360562.517912544
#124,One Direction,157.0,38600000.0,14340000000.0, Gaming/Entertainment   ,30679566.202857673
#125,Akshay Nagwadiya,902.0,38300000.0,12100000000.0, Entertainment          ,29392495.851697225
#126,Frost Diamond,3350.0,38300000.0,9310000000.0, Entertainment          ,26802547.568160452
#127,TheEllenShow,16910.0,38200000.0,23150000000.0, Music                  ,39875193.70567087
#128,LankyBox,11570.0,38000000.0,43110000000.0, Entertainment          ,56644799.57459214
#129,Bruno Mars,100.0,38000000.0,21030000000.0, Entertainment          ,37397303.94965906
#130,Jkk Entertainment,236.0,37900000.0,16930000000.0, Kids                   ,32419498.54227217
#131,Alfredo Larin,1800.0,37500000.0,30010000000.0, Music                  ,46611533.38656377
#132,Ryan's World,2820.0,37100000.0,57670000000.0, Music                  ,71263887.95222324
#133,Maroon 5,182.0,37000000.0,24100000000.0, Entertainment          ,40134747.74215729
#134,Ozuna,233.0,36800000.0,24960000000.0, Gaming/Entertainment   ,40157571.26763445
#135,Gulshan Kalra,668.0,36800000.0,16420000000.000002, Music                  ,34524811.717386134
#136,Markiplier,5600.0,36700000.0,21480000000.0, Kids                   ,36264278.131230205
#137,T-Series Apna Punjab,8500.0,36600000.0,23620000000.0, Kids                   ,38057315.68300569
#138,BabyBus - Kids Songs and Cartoons,2440.0,36500000.0,28690000000.0, Music                  ,45407170.71657778
#139,WowKidz,7670.0,36500000.0,19090000000.0, Entertainment          ,35358735.0419895
#140,KAROL G,161.0,36400000.0,23880000000.0, Entertainment          ,39939191.71374281
#141,Rajshri,4370.0,36200000.0,16559999999.999998, Entertainment          ,33233723.9380925
#142,Enaldinho,4300.0,36200000.0,15580000000.0, Kids                   ,31049665.508113716
#143,Junya.じゅんや,8340.0,36000000.0,21740000000.0, Kids                   ,36385412.53313043
#144,Galinha Pintadinha,65.0,35900000.0,32400000000.0, News                   ,46698629.04522054
#145,CVS 3D Rhymes & Kids Songs,338.0,35800000.0,21710000000.0, Entertainment          ,37994738.8830771
#146,Zee News,174480.0,35800000.0,21200000000.0, Entertainment          ,30485886.043410927
#147,Heroindori,653.0,35800000.0,12910000000.0, Kids                   ,28813723.455819294
#148,GMA  Network,137830.0,35400000.0,27370000000.0, Kids                   ,36166700.022001676
#149,Peppa Pig - Official Channel,6450.0,35400000.0,25890000000.0, Music                  ,42745026.723152414
#150,LeoNata Family,3320.0,35300000.0,37650000000.0, Music                  ,53370632.85176366
#151,Geet MP3,739.0,35300000.0,13720000000.0, Entertainment          ,30845365.05751905
#152,The Weeknd,172.0,35200000.0,27430000000.0, Entertainment          ,43108034.874651685
#153,Ch3Thailand,79370.0,35000000.0,22810000000.0, Music                  ,37041740.8445034
#154,Lucas and Marcus,1770.0,35000000.0,14320000000.0, Entertainment          ,31339259.27741339
#155,DisneyMusicVEVO,2300.0,34800000.0,31980000000.0, Music                  ,48350013.14764491
#156,Spider Slack,1240.0,34800000.0,19500000000.0, Kids                   ,34673218.43086649
#157,Worldwide Records Bhojpuri,7190.0,34700000.0,18110000000.0, Music                  ,35769400.89937992
#158,★ Kids Roma Show,713.0,34700000.0,13920000000.0, Gaming/Entertainment   ,30282087.561712287
#159,Selena Gomez,193.0,34600000.0,14000000000.0, Music                  ,32383578.519549817
#160,SSSniperWolf,3580.0,34400000.0,25060000000.0, Entertainment          ,40854160.30635865
#161,J Balvin,210.0,34300000.0,24000000000.0, Entertainment          ,40044337.87589565
#162,Zhong,1740.0,34300000.0,16840000000.0, Gaming/Entertainment   ,32847340.92942941
#163,Priyal Kukreja,1070.0,34100000.0,20450000000.0, Music                  ,38106341.13604171
#164,VEGETTA777,7980.0,34100000.0,15790000000.0, Music                  ,33666205.16068728
#165,Eros Now Music,9730.0,34000000.0,17720000000.0, Entertainment          ,34052218.01551008
#166,,1060.0,33900000.0,13720000000.0, Entertainment          ,30832363.091018766
#167,Desi Music Factory,193.0,33900000.0,10610000000.0, Music                  ,29357130.989735216
#168,Zach King,643.0,33800000.0,13060000000.0, Entertainment          ,30260033.623037323
#169,KHANDESHI MOVIES,234.0,33800000.0,11720000000.0, Kids                   ,27768313.583759073
#170,NoCopyrightSounds,1670.0,33700000.0,11120000000.0, Music                  ,29752612.007553834
#171,Beast Reacts,238.0,33700000.0,6070000000.0, Entertainment          ,24036063.863146
#172,Masha y el Oso,1370.0,33500000.0,16489999999.999998, Gaming/Entertainment   ,32549862.535588842
#173,Juan De Dios Pantoja,376.0,33500000.0,3780000000.0, Entertainment          ,21986059.82464208
#174,Dangal TV Channel,31100.0,33400000.0,22770000000.0, Entertainment          ,37695060.17218269
#175,rezendeevil,12170.0,33400000.0,13460000000.0, Entertainment          ,30150240.414885182
#176,mujjuu___14,1070.0,33299999.999999996,18660000000.0, Entertainment          ,35242179.51945851
#177,Mr Bean,3480.0,33299999.999999996,11210000000.0, Movies                 ,31167660.146035716
#178,Round2hell,68.0,33299999.999999996,3420000000.0, Music                  ,22943268.473968387
#179,DONA 도나,173.0,32799999.999999996,22290000000.0, Entertainment          ,38519221.41927281
#180,Aditya Movies,7700.0,32799999.999999996,12620000000.0, Entertainment          ,29581379.634166297
#181,Jason Derulo,3190.0,32700000.000000004,23400000000.0, Entertainment          ,39387979.831600584
#182,व्लाद और निकिता,618.0,32700000.000000004,19170000000.0, Music                  ,36981919.75023484
#183,Anaya Kandhal,1350.0,32600000.0,27400000000.0, Movies                 ,45707676.914688036
#184,Marta and Rustam,1090.0,32600000.0,27350000000.0, Kids                   ,41687439.57604216
#185,SMTOWN,4360.0,32500000.0,29450000000.0, Music                  ,46007897.55639117
#186,Shemaroo Movies,3390.0,32500000.0,8920000000.0, Entertainment          ,26452752.005882792
#187,Pokémon Asia Official (Hindi),313.0,32500000.0,1660000000.0,,18861027.046089508
#188,Aditya Music,23690.0,32100000.0,29830000000.0,,43063127.23852121
#189,Ian Lucas,466.0,32000000.0,3450000000.0,,20452865.563436173
#190,Little Angel: Nursery Rhymes & Kids Songs,1530.0,31900000.0,24350000000.0, Education              ,41167007.004091516
#191,GENIAL,8180.0,31900000.0,6980000000.0, Gaming/Entertainment   ,23783903.70747133
#192,Dream,116.0,31900000.0,3110000000.0, Kids                   ,20086452.05154737
#193,infobells - Telugu,599.0,31800000.0,17210000000.0, Music                  ,35232884.86552181
#194,Luis Fonsi,290.0,31800000.0,15790000000.0, Music                  ,33977685.29273454
#195,ImagineDragons,139.0,31700000.0,18710000000.0, Entertainment          ,35324527.141937494
#196,Talking Tom,650.0,31700000.0,16210000000.0, Entertainment          ,33071935.848849896
#197,That Little Puff,924.0,31600000.0,26420000000.0, Kids                   ,40863898.967832945
#198,infobells - Tamil,649.0,31600000.0,19710000000.0, Entertainment          ,36196627.19540991
#199,The Tonight Show Starring Jimmy Fallon,10280.0,31600000.0,17630000000.0, Entertainment          ,33949592.33830654
#200,unknown boy varun,697.0,31600000.0,12730000000.0, Entertainment          ,29963236.439805716
#201,Willie Salim,941.0,31600000.0,5150000000.0, toyoraljanahtv ,31599999.997243293
#202,قناة طيور الجنة | toyoraljanahtv,3340.0,31500000.0,28950000000.0, Entertainment          ,44336707.62433513
#203,Celine Dept,768.0,31500000.0,17340000000.0, Movies                 ,36750111.29630947
#204,Goldmines Dishoom,4910.0,31500000.0,9750000000.0, Music                  ,28398299.590201102
#205,JustinBieberVEVO,204.0,31400000.0,27790000000.0, Entertainment          ,43428131.386491925
#206,AH,3910.0,31400000.0,5170000000.0, Entertainment          ,23083849.442395695
#207,Sagawa /さがわ,8420.0,31300000.0,25040000000.0, Music                  ,41906388.94722289
#208,Adele,15.0,31300000.0,15600000000.0, Entertainment          ,32553074.24598076
#209,Brent Rivera,658.0,31300000.0,8460000000.000001, Entertainment          ,26152742.090749048
#210,NichLmao,1070.0,31200000.0,17070000000.0, Entertainment          ,33822695.27981096
#211,Tilak,10010.0,31200000.0,12540000000.0, Music                  ,30682519.39042283
#212,Spinnin' Records,12230.0,31100000.0,20730000000.0, Entertainment          ,36638156.31828099
#213,Ishaan Ali 11,1290.0,30700000.0,17840000000.0, Gaming/Entertainment   ,33758325.36869706
#214,jacksepticeye,5200.0,30700000.0,16770000000.0, Music                  ,34653710.096976936
#215,BeatboxJCOP,977.0,30700000.0,13820000000.0, Kids               ,30699999.994525634
#216,Boram Tube Vlog [보람튜브 브이로그],232.0,30700000.0,13770000000.0, Entertainment          ,30910538.742938466
#217,Indosiar,7690.0,30700000.0,5990000000.0, Entertainment          ,23662803.227736384
#218,Karla Bustillos,1130.0,30600000.0,7790000000.0, Music                  ,26801602.38775462
#219,Ultra Records,5060.0,30500000.0,17590000000.0, Movies                 ,36799455.03400647
#220,Goldmines Bollywood,4740.0,30500000.0,10000000000.0, Entertainment          ,27362248.81245847
#221,Tsuriki Show,3990.0,30400000.0,37990000000.0, Entertainment          ,52380906.400958546
#222,Daniel LaBelle,335.0,30400000.0,17010000000.000002, Music                  ,35065026.594930276
#223,Michael Jackson,17.0,30400000.0,16030000000.000002, Entertainment          ,32936878.911716927
#224,Crazy XYZ,1360.0,30400000.0,8940000000.0, Entertainment          ,26552831.427680828
#225,ashish chanchlani vines,157.0,30400000.0,4760000000.0, Entertainment          ,22869832.560909234
#226,Topper Guild,992.0,30300000.0,18970000000.0, Music                  ,36788219.56491689
#227,Trap Nation,2880.0,30300000.0,14450000000.0, Kids                   ,30098366.152164303
#228,D Billions,1050.0,30200000.0,38770000000.0, Music                  ,54462466.49177925
#229,Shawn Mendes,133.0,30200000.0,13710000000.0, Entertainment          ,30860983.25221803
#230,MaviGadget,4950.0,30100000.0,26990000000.0, Entertainment          ,42521690.797475815
#231,Azhan5star,886.0,30100000.0,12410000000.0, Kids                   ,28357907.199637175
#232,Nick Jr.,5480.0,30000000.0,23940000000.0, Music                  ,41043439.256952055
#233,Drake,64.0,30000000.0,17890000000.0, Music                  ,35861629.83041872
#234,Maluma,45.0,29900000.0,23150000000.0, Kids                   ,37980185.839773245
#235,Kids TV - Nursery Rhymes And Baby Songs,4070.0000000000005,29800000.0,14640000000.0, Entertainment          ,31531781.13247533
#236,Chotanawab,2050.0,29800000.0,13710000000.0, News                   ,29932591.98044069
#237,The Lallantop,55650.0,29800000.0,12470000000.0, Entertainment          ,27505271.965317383
#238,Yoeslan,989.0,29400000.0,26330000000.0, Kids                   ,40780918.00636971
#239,Bounce Patrol - Kids Songs,373.0,29300000.0,22540000000.0, Education              ,39597979.92588718
#240,Mr DegrEE,1680.0,29200000.0,25410000000.0, Entertainment          ,41243584.07077754
#241,ISSEI / いっせい,2720.0,29100000.0,27350000000.0, Music                  ,44199534.543596484
#242,JYP Entertainment,2090.0,29100000.0,22520000000.0, Kids                   ,37334916.84555722
#243,toycantando,796.0,29100000.0,17520000000.0, Gaming/Entertainment   ,33492652.262857832
#244,AuronPlay,402.0,29100000.0,4130000000.0, Kids          ,29474709.06499146
#245,Kids Channel India - Hindi Rhymes and Baby Songs,1330.0,28800000.0,11950000000.0, Entertainment          ,29241246.288849596
#246,Ami Rodriguez,617.0,28800000.0,4750000000.0, Gaming/Entertainment   ,22099390.794274144
#247,DanTDM,3710.0,28700000.0,19830000000.0, Education              ,37043443.671595365
#248,Sandeep Maheshwari,635.0,28500000.0,2430000000.0, Music                  ,22036472.574016202
#249,Wiz Khalifa,747.0,28400000.0,14130000000.0, Entertainment          ,31211071.548175473
#250,The Late Late Show with James Corden,5790.0,28400000.0,10130000000.0, Entertainment          ,27435777.475340325
#251,Netflix,7310.0,28400000.0,8500000000.0, Entertainment          ,25919015.99617993
#252,YOLO,292.0,28400000.0,2140000000.0000002, Gaming/Entertainment   ,19782458.008306358
#253,Renato Garcia YT,4380.0,28300000.0,8710000000.0, News                   ,25374429.41861949
#254,ABPLIVE,221760.0,28200000.0,9460000000.0, Entertainment          ,18089858.36157269
#255,Zach Choi ASMR,1330.0,28100000.0,9370000000.0, Entertainment          ,26937932.239610165
#256,America's Got Talent,2120.0,28000000.0,4770000000.0, News                   ,21948505.652813464
#257,Raffy Tulfo in Action,11230.0,27900000.0,16260000000.000002, Kids                   ,31376043.868884128
#258,Diana and Roma ARA,672.0,27800000.0,12600000000.0, Entertainment          ,29848190.594173737
#259,Ben Azelart,343.0,27800000.0,6560000000.0, Kids                   ,23157270.48730971
#260,WB Kids,2260.0,27700000.0,12600000000.0, Animation              ,26331686.529704936
#261,Alan Becker,199.0,27600000.0,6910000000.0, Entertainment          ,24787559.743396886
#262,Sun TV,90870.0,27400000.0,28960000000.0, Entertainment          ,40800270.31415163
#263,Danny Fitt,2690.0,27400000.0,12840000000.0, Entertainment          ,29980714.146888938
#264,enchufetv,2060.0,27400000.0,10700000000.0, Entertainment          ,28095731.22453513
#265,ZHC,319.0,27300000.0,3270000000.0, Kids                   ,20221070.805482604
#266,ToyPuddingTV,2420.0,27200000.0,16200000000.0, Kids                   ,31679323.674686927
#267,Diana and Roma HIN,662.0,27200000.0,12510000000.0, Entertainment          ,29768247.475350752
#268,dednahype,3080.0,27100000.0,28220000000.0, Music                  ,44961651.82250401
#269,Beyoncé,254.0,27100000.0,18760000000.0, Music                  ,36630632.885977484
#270,Post Malone,108.0,27100000.0,16309999999.999998, Movies                 ,35857304.20661478
#271,Pen Movies,1750.0,27100000.0,7940000000.0, Entertainment          ,25644277.262525376
#272,Dan Rhodes,1670.0,27000000.0,18790000000.0, Kids                   ,34021943.724163145
#273,shfa show India,553.0,27000000.0,17970000000.0, Music                  ,35913243.687078364
#274,WORLDSTARHIPHOP,7110.0,26900000.0,21050000000.0, Entertainment          ,37131222.07188528
#275,Sourav Joshi Vlogs,1710.0,26800000.0,12720000000.0, Music                  ,31179403.638294183
#276,Nicki Minaj,72.0,26800000.0,11260000000.0, Music                  ,29942324.341755148
#277,Chris Brown,56.0,26700000.0,17200000000.0, Music                  ,35245951.27240298
#278,David Guetta,853.0,26600000.0,19490000000.0, Entertainment          ,35991957.63907467
#279,Neetu Bisht,2250.0,26600000.0,19040000000.0, Music                  ,36799757.83453754
#280,Anuel AA,155.0,26600000.0,17370000000.0, Entertainment          ,34127584.17504988
#281,Smosh,1850.0,26600000.0,10800000000.0, Music                  ,29459638.822520863
#282,Marília Mendonça,200.0,26500000.0,19720000000.0, Kids                   ,34911749.80649841
#283,Vania Mania Kids,1230.0,26500000.0,12860000000.0, Entertainment          ,30057705.964621052
#284,Bobby chourasiya,539.0,26400000.0,13530000000.0, Gaming/Entertainment   ,29940959.977101482
#285,Preston,4120.0,26400000.0,9910000000.0, Entertainment          ,27307013.480442874
#286,LosPolinesios,1070.0,26400000.0,7950000000.0, Movies                 ,28354887.08623997
#287,Goldmines Movies,5770.0,26400000.0,6530000000.0, Entertainment          ,24222660.98637697
#288,BB Ki Vines,192.0,26400000.0,4970000000.0, Music                  ,24322019.851780348
#289,Coldplay,424.0,26300000.0,19060000000.0, Entertainment          ,35625448.42410368
#290,Rafa & Luiz,3520.0,26300000.0,9420000000.0, Music                  ,28159991.0039365
#291,1MILLION Dance Studio,7470.0,26300000.0,8220000000.000001, Movies                 ,28336702.34113012
#292,Ultra Movie Parlour,1970.0,26300000.0,5380000000.0, Entertainment          ,23349907.355876394
#293,TRANS7 OFFICIAL,97680.0,26200000.0,15270000000.0, Kids                   ,26990594.109294124
#294,Kidibli (Kinder Spielzeug Kanal),1190.0,26200000.0,13420000000.0, Kids                   ,29247278.768062413
#295,Diana and Roma EN,591.0,26200000.0,8660000000.0, Kids                   ,25022015.859507494
#296,Maya and Mary,561.0,26100000.0,7320000000.0, Entertainment          ,25138927.61679131
#297,Rans Entertainment,4220.0,26100000.0,6810000000.0, Entertainment          ,24535415.13496818
#298,_vector_,540.0,26000000.0,18210000000.0, Entertainment          ,34861906.118241206
#299,Bayashi TV,1320.0,26000000.0,15330000000.0, Kids                ,25999999.994124588
#300,Peppa Pig Español Latino - Canal Oficial,1560.0,26000000.0,9120000000.0, Entertainment          ,26705426.84299019
#301,Sujal Thakral,615.0,26000000.0,5230000000.0, Gaming/Entertainment   ,22527995.347455762
#302,VanossGaming,1910.0,25900000.0,16020000000.0, Kids                   ,31539284.675623942
#303,Vlad and Niki ESP,601.0,25800000.0,10530000000.0, Gaming/Entertainment   ,27260176.543573797
#304,FaZe Rug,2310.0,25800000.0,8690000000.0, Entertainment          ,26291162.74171442
#305,Venus Entertainment,1980.0,25700000.0,6100000000.0, Entertainment          ,23992287.626257844
#306,MrBeast en Español,67.0,25700000.0,3000000000.0, Entertainment          ,21302224.977247536
#307,LIV Crime,15270.0,25600000.0,13550000000.0, News                   ,29254280.403037272
#308,News18 India,256220.00000000003,25600000.0,12140000000.0, Entertainment          ,19086660.717379883
#309,Filmy Suraj Actor,308.0,25600000.0,11850000000.0, Education              ,30057036.29401667
#310,BigSchool,3670.0,25600000.0,11270000000.0, Entertainment          ,28539390.577743936
#311,jaanvi patel,637.0,25600000.0,11200000000.0, Music                  ,29865873.81752634
#312,TaylorSwiftVEVO,307.0,25500000.0,28310000000.0, Music                  ,45154319.155564636
#313,netd müzik,25600.0,25400000.0,61010000000.0, Entertainment          ,72056877.64135
#314,WatchMojo.com,27110.0,25400000.0,16850000000.000002, Kids                   ,31259558.176742677
#315,Las Ratitas,225.0,25400000.0,9890000000.0, Entertainment          ,27446923.627224814
#316,SMOL,5340.0,25300000.0,25610000000.0, Kids                   ,39961897.31259969
#317,toyorbabytv,1300.0,25300000.0,18500000000.0, Fitness/Health         ,33231672.526061386
#318,Chloe Ting,440.0,25300000.0,3190000000.0, Entertainment          ,21456740.676034313
#319,Caín Guzmán,3640.0,25100000.0,12960000000.0, Entertainment          ,30049365.692790207
#320,Pawan Sahu,1920.0,25100000.0,11140000000.0, Music                  ,29760341.013088178
#321,RihannaVEVO,118.0,25000000.0,20450000000.0, Kids         ,35020425.82375274
#322,BabyBus - Canciones Infantiles & Videos para Niños,1490.0,25000000.0,14640000000.0, Gaming/Entertainment   ,30893400.828026086
#323,IShowSpeed,1400.0,25000000.0,2500000000.0, Food                   ,16113973.152160387
#324,Aja Kitchen,1850.0,24900000.0,15250000000.0, Food                   ,27478402.735002104
#325,Village Cooking Channel,236.0,24900000.0,7330000000.0, Music                  ,26427145.07565041
#326,1theK (원더케이),20080.0,24800000.0,25220000000.0, Kids                   ,39016684.59283247
#327,Vlad and Niki Arabic,612.0,24800000.0,11730000000.0, Entertainment          ,29073921.9447052
#328,The Royalty Family,777.0,24800000.0,8060000000.000001, Music                  ,27056944.993973136
#329,Filaretiki,3420.0,24700000.0,24980000000.0, Movies                 ,43463359.58992581
#330,Goldmines Cineplex,4370.0,24700000.0,3190000000.0, Beauty/Lifestyle       ,22887641.82488896
#331,Yuya,672.0,24700000.0,2590000000.0, Music                  ,22177815.086328525
#332,EminemVEVO,106.0,24600000.0,22010000000.0, Music                  ,39538089.05825586
#333,Enrique Iglesias,525.0,24600000.0,19060000000.0, Kids                   ,34309365.94866273
#334,Miss Katy,1090.0,24600000.0,15620000000.0, Music                  ,33793512.882722735
#335,Wave Music Bhojpuri,23800.0,24600000.0,14330000000.0, Kids                   ,29143879.692365304
#336,DUDU e CAROL,3040.0,24600000.0,12400000000.0, Music                  ,30839850.199444003
#337,KatyPerryVEVO,167.0,24500000.0,24650000000.0, Music                  ,41892497.77182012
#338,,3810.0,24500000.0,23010000000.0, Kids                   ,37702700.10555289
#339,The geeta gurjar,1640.0,24500000.0,18810000000.0, Education              ,36216675.59737169
#340,Mister Max,1150.0,24500000.0,16070000000.0, Charity/Non-profit     ,24499999.993851513
#341,TED,4730.0,24500000.0,2720000000.0, Entertainment          ,20863380.106801566
#342,Beast Philanthropy,42.0,24500000.0,797360000.0, Music                  ,20602940.36868162
#343,Koray Zeynep,3190.0,24400000.0,22630000000.0, Entertainment          ,38700556.64636246
#344,DJ Snake,297.0,24400000.0,9020000000.0, Music                  ,27933434.274959844
#345,Valentina Pontes ofc,1840.0,24400000.0,8660000000.0, Entertainment          ,26283417.16742389
#346,Sidhu Moose Wala,116.0,24400000.0,7490000000.0, Entertainment          ,25308720.90497259
#347,Amit Bhadana,110.0,24400000.0,2470000000.0, Entertainment          ,20827321.867584605
#348,Vijay Television,73130.0,24100000.0,40340000000.0, Music                  ,52944526.283632606
#349,ViralHog,46690.0,24100000.0,29440000000.0, Music                  ,44284411.5963982
#350,GMM GRAMMY OFFICIAL,17120.0,24100000.0,27120000000.0, Kids                   ,40832817.14421077
#351,Lady Gaga,179.0,24100000.0,17270000000.0, Kids                   ,32725344.813043647
#352,Like Nastya PRT,738.0,24100000.0,12880000000.0, Gaming/Entertainment   ,29352607.26873569
#353,Eva Bravo Play,318.0,24100000.0,11130000000.0, Music                  ,29816301.75804972
#354,invictor,2580.0,24100000.0,9440000000.0, Politics               ,24099999.996262167
#355,KSI,1250.0,24100000.0,6020000000.0, Technology             ,24099999.997032646
#356,Narendra Modi,26820.0,24100000.0,5580000000.0, Entertainment          ,22521920.30442451
#357,Unbox Therapy,2320.0,24100000.0,4690000000.0, Entertainment          ,22719728.16232451
#358,Disney Latinoamérica,8290.0,24000000.0,22220000000.0, Entertainment          ,38127952.81962055
#359,Netflix India,4590.0,24000000.0,9820000000.0, Kids                   ,25895636.654703528
#360,Collins Key,257.0,24000000.0,6810000000.0, Music                  ,25962060.640329547
#361,Sesame Street,3730.0,23900000.0,23920000000.0, Music                  ,41096467.10422276
#362,NickyJamTV,468.0,23900000.0,16579999999.999998, DIY                    ,31551278.15090574
#363,Ishtar Punjabi,6420.0,23900000.0,11900000000.0, Entertainment          ,28990440.165826462
#364,Troom Troom,2720.0,23900000.0,10360000000.0, News                   ,26914716.685043544
#365,Soy Suco,756.0,23900000.0,4160000000.0, Beauty/Lifestyle       ,23899999.99750396
#366,SOMOY TV,196750.0,23800000.0,16020000000.0, Gaming/Entertainment   ,24216483.964677185
#367,James Charles,581.0,23800000.0,4380000000.0, Entertainment          ,22513410.818147738
#368,Ninja,2029.9999999999998,23800000.0,2670000000.0, Entertainment          ,20928104.572679363
#369,Sony AATH,21950.0,23700000.0,17570000000.0, Gaming/Entertainment   ,32680456.489203684
#370,CuRe 구래,475.0,23700000.0,15900000000.0, Music                 ,23699999.993749607
#371,SSundee,3530.0,23700000.0,15200000000.0, Entertainment          ,32053597.73420379
#372,طارق الحلبي tarik alhalapi,1120.0,23700000.0,13310000000.0, Music                  ,31730028.189952258
#373,deepesh zo,860.0,23700000.0,9870000000.0, Gaming/Entertainment   ,26660465.98726154
#374,Rotana,8700.0,23600000.0,22430000000.0, Animation              ,34846642.18740748
#375,Jelly,6430.0,23600000.0,15090000000.0, Music                  ,33104057.07352088
#376,Jake Fellman,441.0,23600000.0,15070000000.0, Entertainment          ,32062657.88656827
#377,Dua Lipa,270.0,23600000.0,13180000000.0, Entertainment          ,30382272.713112652
#378,BEN EAGLE,4270.0,23600000.0,11500000000.0, Technology             ,28869986.661227025
#379,Logan Paul,717.0,23500000.0,6010000000.0, Entertainment          ,23963096.731811352
#380,Technical Guruji,5460.0,23500000.0,3680000000.0, Music                  ,22956984.76010927
#381,Tlnovelas,53860.0,23400000.0,17320000000.0, Gaming/Entertainment   ,31164766.361340903
#382,Sia,268.0,23400000.0,14480000000.0, News                   ,30692194.306811225
#383,FGTeeV,1820.0,23300000.0,24930000000.0, Entertainment          ,40809389.88713786
#384,GMA Public  Affairs,46620.0,23300000.0,14700000000.0, Entertainment          ,29861877.18424411
#385,Susy Mouriz,1650.0,23300000.0,9990000000.0, Entertainment          ,27478480.355402626
#386,Nick Pro,727.0,23300000.0,9120000000.0, Music                  ,28005293.048831675
#387,DrossRotzank,1700.0,23300000.0,6350000000.0, Entertainment          ,24226818.251304656
#388,7clouds,2700.0,23200000.0,17860000000.0,,33227012.252495795
#389,Mariano Razo,798.0,23200000.0,11860000000.0,,27947507.641295794
#390,Khan GS Research Centre,380.0,23200000.0,2340000000.0, Education              ,21563997.24869947
#391,Pragati Verma Shorts,1170.0,23100000.0,9950000000.0, Entertainment          ,27462212.252963196
#392,National Geographic,10460.0,23100000.0,6010000000.0, Education              ,24432130.79502341
#393,mmoshaya,1220.0,23000000.0,18200000000.0, Kids                   ,33513443.923783243
#394,Wow Kidz Action,3760.0,23000000.0,9980000000.0, Kids                   ,26072096.627937175
#395,Jordan Matter,464.0,23000000.0,8029999999.999999, Entertainment          ,25776714.30217193
#396,Taarak Mehta Ka Ooltah Chashmah,9730.0,22900000.0,17410000000.0, Entertainment          ,33775463.22664798
#397,승비니 Seungbini,470.0,22900000.0,16950000000.0, Kids                   ,32427875.6209031
#398,Panda Shorts,954.0,22900000.0,10430000000.0, Entertainment          ,27899484.783811674
#399,RKD Studios,928.0,22900000.0,5720000000.0, Movies                 ,26369789.769931898
#400,Infinite,1670.0,22900000.0,5680000000.0, Entertainment          ,23629885.941465244
#401,Happy Monkey,1.0,22900000.0,1390.0, Kids                   ,17314635.855406575
#402,Younes Zarou,3200.0,22800000.0,20720000000.0, Entertainment          ,36994984.99833317
#403,BabyBus - Cerita & Lagu Anak-anak,1170.0,22800000.0,13580000000.0, Kids                   ,29390930.04078133
#404,Deddy Corbuzier,1620.0,22800000.0,6030000000.0, Entertainment          ,23944376.254091226
#405,Justin Flom,933.0,22700000.0,20510000000.0, Entertainment          ,36899329.8046864
#406,The Chainsmokers,218.0,22700000.0,15020000000.0, Music                  ,33293178.436431058
#407,Pink Shirt Girl,1080.0,22700000.0,11550000000.0, Entertainment          ,28894269.47761332
#408,Paulo Londra,63.0,22600000.0,8640000000.0, Music                  ,27603664.5382955
#409,DeGoBooM,5460.0,22600000.0,7160000000.0, Gaming/Entertainment   ,24054772.462907873
#410,Goldmines Great Indian Comedy,4100.0,22600000.0,6280000000.0, Movies                 ,26741253.413252108
#411,Republic Bharat,169400.0,22500000.0,12160000000.0, News                   ,21770378.49151264
#412,Charlie Puth,163.0,22500000.0,10810000000.0, Music                  ,29536897.603476547
#413,Rubén Tuesta oficial,1170.0,22400000.0,13830000000.0, Entertainment          ,30926110.900656603
#414,हिंदी - Genevieve's Playhouse,120.0,22400000.0,12120000000.0, Kids                   ,28130034.05794271
#415,Kiddiestv Hindi - Nursery Rhymes & Kids Songs,257.0,22400000.0,8060000000.000001, Kids             ,25583337.602577724
#416,Kurzgesagt – In a Nutshell,230.0,22400000.0,2780000000.0, Education              ,21962886.18268748
#417,Kritika Channel,4390.0,22300000.0,16960000000.0, Entertainment          ,33590016.80009222
#418,Ajay Sharma,1170.0,22300000.0,14120000000.0, Entertainment          ,31185010.541850183
#419,Busy Fun Ltd,251.0,22300000.0,9340000000.0, Entertainment          ,26954853.947558485
#420,Bizarrap,89.0,22200000.0,9240000000.0, Music                  ,28138265.849569228
#421,Tekashi 6ix9ine,61.0,22200000.0,6350000000.0, Music                  ,25559331.13938672
#422,Triggered Insaan,342.0,22200000.0,4040000000.0, Entertainment          ,22219553.899663124
#423,,2600.0,22100000.0,14060000000.0, Music                  ,32339649.46608754
#424,Lyrical Lemonade,440.0,22100000.0,11420000000.0, Kids                   ,27492142.42761267
#425,Smile Family,746.0,22100000.0,8870000000.0, Gaming/Entertainment   ,25772326.12464859
#426,MiawAug,4070.0000000000005,22100000.0,6840000000.0, Entertainment          ,24568273.541751467
#427,ANNA KOVA,3910.0,22000000.0,20790000000.0, Education              ,37892389.84597711
#428,Bispo Bruno Leonardo,6210.0,22000000.0,5460000000.0, Kids                   ,21937597.06193611
#429,Ninja Kidz TV,324.0,21900000.0,12210000000.0, Gaming/Entertainment   ,28771228.713214375
#430,LazarBeam,1340.0,21900000.0,9410000000.0, Education              ,27836907.56372702
#431,Fatos Desconhecidos,7050.0,21900000.0,4190000000.0000005, News                   ,21231018.847540352
#432,Dhruv Rathee,622.0,21900000.0,2860000000.0, Kids                   ,19842767.394011267
#433,El Payaso Plim Plim,1620.0,21800000.0,23490000000.0, Entertainment          ,39531920.16871156
#434,Dhar Mann Studios,1280.0,21800000.0,14690000000.0, Sports                 ,25573171.568150215
#435,NBA,58310.0,21800000.0,14090000000.0, Music                  ,30109922.6744105
#436,Becky G,90.0,21800000.0,11650000000.0, Education              ,29887314.813272446
#437,Vsauce,530.0,21800000.0,4110000000.0000005, Music                  ,23540557.957868464
#438,OneDirectionVEVO,266.0,21700000.0,12630000000.0, Music                  ,31157544.070752833
#439,Romeo Santos,56.0,21600000.0,19280000000.0, Entertainment          ,35836760.72967894
#440,And TV,47930.0,21600000.0,19190000000.0, News                   ,32966552.837151904
#441,News 24,294080.0,21600000.0,11290000000.0, Entertainment          ,16794313.97666803
#442,Nasya Official,944.0,21600000.0,11200000000.0, Entertainment          ,28587313.014735162
#443,Tappu Honey Parmar,2180.0,21600000.0,9150000000.0, Entertainment          ,26707096.732000217
#444,GH'S,849.0,21500000.0,16360000000.0, Entertainment          ,33197789.047225013
#445,How Ridiculous,721.0,21500000.0,12380000000.0, Gaming/Entertainment   ,28906917.154687744
#446,ElTrollino,1560.0,21500000.0,6450000000.0, Entertainment          ,24321764.629242405
#447,Ravi sagar88,1920.0,21400000.0,8810000000.0, Entertainment          ,26414090.409454875
#448,Yudist Ardhana,3950.0,21400000.0,8580000000.0, Food                   ,21438651.393622696
#449,Tasty,5350.0,21400000.0,6130000000.0, Education              ,24746240.02625711
#450,Brave Wilderness,1010.0,21400000.0,5140000000.0, Entertainment          ,23174529.96964936
#451,the Ludo facts,1270.0,21400000.0,4870000000.0, Entertainment          ,22922954.288304754
#452,Baim Paula,2470.0,21400000.0,4660000000.0, Entertainment          ,22686869.75554122
#453,XO TEAM,5420.0,21300000.0,18080000000.0, Music                  ,35814311.2641871
#454,Linkin Park,807.0,21300000.0,15100000000.0, Entertainment          ,32074615.935986623
#455,Naisa Alifia Yuriza (N.A.Y),180.0,21300000.0,488840000.0, Kids                   ,17743799.816019773
#456,CookieSwirlC,1380.0,21200000.0,8460000000.000001, Entertainment          ,26123497.79226555
#457,Noman Official,815.0,21200000.0,7250000000.0, Gaming/Entertainment   ,24323264.348269217
#458,Sidemen,358.0,21200000.0,6210000000.0, Entertainment          ,24156189.34860125
#459,José Comilão,288.0,21200000.0,2170000000.0, Education              ,21415954.91382241
#460,Dr. Vivek Bindra: Motivational Speaker,1310.0,21200000.0,1940000000.0, Animation              ,16853372.162492197
#461,Official Pink Panther,815.0,21100000.0,11870000000.0, Animation              ,25738502.741339397
#462,MSA previously My Story Animated,912.0,21100000.0,9900000000.0, Music                  ,28694150.462724768
#463,Emiway Bantai,266.0,21100000.0,3880000000.0, News                   ,21229047.051631257
#464,etvteluguindia,141100.0,21000000.0,25780000000.0, Music                  ,37192883.25750825
#465,Mnet K-POP,37670.0,21000000.0,16329999999.999998, Entertainment          ,31679587.60763222
#466,Natan por Aí,1520.0,20900000.0,14510000000.0, Entertainment          ,31519009.322398532
#467,Prime Video India,10210.0,20900000.0,11270000000.0, Gaming/Entertainment   ,27531608.60823994
#468,Robin Hood Gamer,4310.0,20900000.0,11010000000.0, Music                  ,29547476.634440057
#469,Avicii,178.0,20900000.0,10900000000.0, Kids                   ,27038520.785187695
#470,Green Gold TV - Official Channel,1810.0,20900000.0,10120000000.0, Arab Games Network ,20899999.99586883
#471,شبكة العاب العرب | Arab Games Network,7240.0,20900000.0,9520000000.0, Kids                   ,25520472.333053418
#472,Masha e o Urso,1380.0,20900000.0,9460000000.0, Sports                 ,20899999.995977852
#473,FIFA,11330.0,20900000.0,6520000000.0, Entertainment          ,23988528.011478633
#474,nigahiga,403.0,20900000.0,4400000000.0, Entertainment          ,22538475.779015794
#475,BigChungus,691.0,20900000.0,4070000000.0000005, Entertainment          ,22232200.5267466
#476,Salman Noman,1050.0,20800000.0,12110000000.0, Entertainment          ,29395428.749388058
#477,SCTV,53690.0,20800000.0,9700000000.0, Entertainment          ,25111722.967558928
#478,SlivkiShow,485.0,20800000.0,5000000000.0, Entertainment          ,23070808.834451467
#479,Mau McMahon,868.0,20800000.0,4630000000.0, Entertainment          ,22724975.35283424
#480,Chuster,870.0,20800000.0,3560000000.0, Entertainment          ,21769643.9434312
#481,Noor Stars,710.0,20800000.0,2930000000.0, News                   ,20362943.508946132
#482,DLS News,5700.0,20800000.0,2730000000.0, Entertainment          ,20833018.249155223
#483,Got Talent Global,1460.0,20800000.0,2640000000.0, Entertainment          ,20924409.4552425
#484,Canal Canalha,299.0,20800000.0,1910000000.0, Music                  ,21585848.26966294
#485,Gusttavo Lima Oficial,568.0,20700000.0,15800000000.0, Entertainment          ,32709226.69626519
#486,ToRung,260.0,20700000.0,14380000000.0, Entertainment          ,31453986.61890938
#487,Jake Paul,1320.0,20700000.0,7590000000.0, Food                   ,20661348.599282354
#488,Gordon Ramsay,1720.0,20700000.0,4130000000.0, Gaming/Entertainment   ,21501204.677453957
#489,Aphmau,4940.0,20600000.0,22280000000.0, Kids             ,38088664.70043999
#490,,606.0,20600000.0,9380000000.0, Kids                   ,25664193.60704626
#491,ZappyToons - Hindi Nursery Rhymes and Stories,532.0,20600000.0,9230000000.0, Gaming/Entertainment   ,26102386.760348853
#492,SUPER SLICK SLIME SAM,1180.0,20600000.0,8279999999.999999, Education              ,26834572.451421358
#493,Clash of Clans,868.0,20600000.0,4550000000.0, Kids                   ,21341563.248141408
#494,,587.0,20600000.0,3200000000.0, Entertainment          ,21459714.078293677
#495,What's Idea,205.0,20600000.0,1910000000.0, DIY                    ,18465180.03756948
#496,Smile Family Spanish,563.0,20500000.0,7630000000.0, Entertainment          ,25415601.396516338
#497,Marvel Entertainment,8970.0,20500000.0,6010000000.0, Entertainment          ,23628812.527677923
#498,5-Minute Crafts DIY,6100.0,20500000.0,5160000000.0,,21751277.94995907
#499,SatoshiSea,4.0,20500000.0,1550000.0,,17392949.47522427
#500,Britain's Got Talent,4630.0,20400000.0,11760000000.0,,27703018.39632053
